<?xml version="1.0" encoding="UTF-8"?>
<project-private xmlns="http://www.netbeans.org/ns/project-private/1">
    <editor-bookmarks xmlns="http://www.netbeans.org/ns/editor-bookmarks/2" lastBookmarkId="0"/>
    <open-files xmlns="http://www.netbeans.org/ns/projectui-open-files/2">
        <group>
            <file>file:/D:/M%20(3)/AlgoritmaStrukturData/1941720104/Tugas2/src/Tugas/Nomor8TanahTerluas.java</file>
            <file>file:/D:/M%20(3)/AlgoritmaStrukturData/1941720104/Tugas2/src/Tugas/Nomor8TanahTerluas2.java</file>
        </group>
    </open-files>
</project-private>
